[{"model": "School.person", "pk": 1, "fields": {"first_name": "Daniil", "last_name": "Shadrin"}}, {"model": "School.person", "pk": 2, "fields": {"first_name": "Aleksandr", "last_name": "Smetanin"}}, {"model": "School.person", "pk": 3, "fields": {"first_name": "Roman", "last_name": "Petrov"}}, {"model": "School.person", "pk": 4, "fields": {"first_name": "Lev", "last_name": "Sokolov"}}, {"model": "School.person", "pk": 5, "fields": {"first_name": "Daniil", "last_name": "Shadrin"}}, {"model": "School.person", "pk": 6, "fields": {"first_name": "Aleksandr", "last_name": "Smetanin"}}, {"model": "School.person", "pk": 7, "fields": {"first_name": "Roman", "last_name": "Petrov"}}, {"model": "School.person", "pk": 8, "fields": {"first_name": "Lev", "last_name": "Sokolov"}}, {"model": "School.person", "pk": 9, "fields": {"first_name": "Daniil", "last_name": "Shadrin"}}, {"model": "School.person", "pk": 10, "fields": {"first_name": "Aleksandr", "last_name": "Smetanin"}}, {"model": "School.person", "pk": 11, "fields": {"first_name": "Roman", "last_name": "Petrov"}}, {"model": "School.person", "pk": 12, "fields": {"first_name": "Lev", "last_name": "Sokolov"}}, {"model": "School.person", "pk": 13, "fields": {"first_name": "Daniil", "last_name": "Shadrin"}}, {"model": "School.person", "pk": 14, "fields": {"first_name": "Aleksandr", "last_name": "Smetanin"}}, {"model": "School.person", "pk": 15, "fields": {"first_name": "Roman", "last_name": "Petrov"}}, {"model": "School.person", "pk": 16, "fields": {"first_name": "Lev", "last_name": "Sokolov"}}, {"model": "School.student", "pk": 3, "fields": {}}, {"model": "School.student", "pk": 4, "fields": {}}, {"model": "School.student", "pk": 7, "fields": {}}, {"model": "School.student", "pk": 8, "fields": {}}, {"model": "School.student", "pk": 11, "fields": {}}, {"model": "School.student", "pk": 12, "fields": {}}, {"model": "School.student", "pk": 15, "fields": {}}, {"model": "School.student", "pk": 16, "fields": {}}, {"model": "School.teacher", "pk": 1, "fields": {}}, {"model": "School.teacher", "pk": 2, "fields": {}}, {"model": "School.teacher", "pk": 5, "fields": {}}, {"model": "School.teacher", "pk": 6, "fields": {}}, {"model": "School.teacher", "pk": 9, "fields": {}}, {"model": "School.teacher", "pk": 10, "fields": {}}, {"model": "School.teacher", "pk": 13, "fields": {}}, {"model": "School.teacher", "pk": 14, "fields": {}}, {"model": "School.homework", "pk": 1, "fields": {"teacher": "Teacher object (1)", "text": "Learn OOP", "deadline": "1 00:00:00"}}, {"model": "School.homework", "pk": 2, "fields": {"teacher": "Teacher object (1)", "text": "Read docs", "deadline": "5 00:00:00"}}, {"model": "School.homework", "pk": 3, "fields": {"teacher": "Teacher object (5)", "text": "Learn OOP", "deadline": "1 00:00:00"}}, {"model": "School.homework", "pk": 4, "fields": {"teacher": "Teacher object (5)", "text": "Read docs", "deadline": "5 00:00:00"}}, {"model": "School.homework", "pk": 5, "fields": {"teacher": "Teacher object (9)", "text": "Learn OOP", "deadline": "1 00:00:00"}}, {"model": "School.homework", "pk": 6, "fields": {"teacher": "Teacher object (9)", "text": "Read docs", "deadline": "5 00:00:00"}}, {"model": "School.homework", "pk": 7, "fields": {"teacher": "Teacher object (13)", "text": "Learn OOP", "deadline": "1 00:00:00"}}, {"model": "School.homework", "pk": 8, "fields": {"teacher": "Teacher object (13)", "text": "Read docs", "deadline": "5 00:00:00"}}, {"model": "School.homeworkresult", "pk": 1, "fields": {"homework_id": 1, "author": "Lev Sokolov", "solution": "I have done this hw", "done": true, "cheaked": true}}, {"model": "School.homeworkresult", "pk": 2, "fields": {"homework_id": 2, "author": "Lev Sokolov", "solution": "I have done this hw too", "done": true, "cheaked": true}}, {"model": "School.homeworkresult", "pk": 3, "fields": {"homework_id": 2, "author": "Roman Petrov", "solution": "done", "done": false, "cheaked": false}}, {"model": "School.homeworkresult", "pk": 4, "fields": {"homework_id": 3, "author": "Lev Sokolov", "solution": "I have done this hw", "done": true, "cheaked": true}}, {"model": "School.homeworkresult", "pk": 5, "fields": {"homework_id": 4, "author": "Lev Sokolov", "solution": "I have done this hw too", "done": true, "cheaked": true}}, {"model": "School.homeworkresult", "pk": 6, "fields": {"homework_id": 4, "author": "Roman Petrov", "solution": "done", "done": false, "cheaked": false}}, {"model": "School.homeworkresult", "pk": 7, "fields": {"homework_id": 5, "author": "Lev Sokolov", "solution": "I have done this hw", "done": true, "cheaked": true}}, {"model": "School.homeworkresult", "pk": 8, "fields": {"homework_id": 6, "author": "Lev Sokolov", "solution": "I have done this hw too", "done": true, "cheaked": true}}, {"model": "School.homeworkresult", "pk": 9, "fields": {"homework_id": 6, "author": "Roman Petrov", "solution": "done", "done": false, "cheaked": false}}, {"model": "School.homeworkresult", "pk": 10, "fields": {"homework_id": 7, "author": "Lev Sokolov", "solution": "I have done this hw", "done": true, "cheaked": true}}, {"model": "School.homeworkresult", "pk": 11, "fields": {"homework_id": 8, "author": "Lev Sokolov", "solution": "I have done this hw too", "done": true, "cheaked": true}}, {"model": "School.homeworkresult", "pk": 12, "fields": {"homework_id": 8, "author": "Roman Petrov", "solution": "done", "done": false, "cheaked": false}}]
